,CRATE,AML_ADJ,DF_A,I0_A,XTAL_NODES
0,0.1,0.5,-14.0,-8.0,27
1,1.05,0.75,-12.5,-7.0,73
2,1.525,0.625,-13.25,-7.5,96
3,0.575,0.875,-11.75,-6.5,50
4,0.8124999999999999,0.6875,-12.125,-6.25,62
5,1.7625,0.9375,-13.625,-7.25,108
6,1.2875,0.5625,-11.375,-6.75,85
7,0.3375,0.8125,-12.875,-7.75,38
8,0.4562499999999999,0.65625,-11.1875,-7.125,44
9,1.40625,0.90625,-12.6875,-6.125,91
10,1.88125,0.53125,-11.9375,-7.625,114
11,0.93125,0.78125,-13.4375,-6.625,67
12,0.69375,0.59375,-13.0625,-6.875,56
13,1.64375,0.84375,-11.5625,-7.875,102
14,1.16875,0.71875,-13.8125,-6.375,79
15,0.21875,0.96875,-12.3125,-7.375,32
16,0.2781249999999999,0.734375,-12.59375,-6.6875,35
17,1.228125,0.984375,-11.09375,-7.6875,82
18,1.703125,0.609375,-13.34375,-6.1875,105
19,0.7531249999999999,0.859375,-11.84375,-7.1875,59
20,0.990625,0.546875,-11.46875,-7.4375,70
21,1.940625,0.796875,-12.96875,-6.4375,117
22,1.465625,0.671875,-12.21875,-7.9375,93
23,0.515625,0.921875,-13.71875,-6.9375,47
24,0.396875,0.578125,-12.40625,-6.3125,41
25,1.346875,0.828125,-13.90625,-7.3125,88
26,1.821875,0.703125,-11.65625,-6.8125,111
27,0.871875,0.953125,-13.15625,-7.8125,64
28,0.6343749999999999,0.640625,-13.53125,-7.5625,53
29,1.584375,0.890625,-12.03125,-6.5625,99
30,1.109375,0.515625,-12.78125,-7.0625,76
31,0.159375,0.765625,-11.28125,-6.0625,30
32,0.1890625,0.6328125,-11.890625,-6.90625,31
33,1.1390625,0.8828125,-13.390625,-7.90625,77
34,1.6140625,0.5078125,-11.140625,-6.40625,101
35,0.6640625,0.7578125,-12.640625,-7.40625,54
36,0.9015625,0.5703125,-13.765625,-7.15625,66
37,1.8515625,0.8203125,-12.265625,-6.15625,112
38,1.3765625,0.6953125,-13.015625,-7.65625,89
39,0.4265624999999999,0.9453125,-11.515625,-6.65625,43
40,0.5453125,0.5390625,-13.203125,-6.03125,48
41,1.4953125,0.7890625,-11.703125,-7.03125,95
42,1.9703125,0.6640625,-13.953125,-6.53125,118
43,1.0203125,0.9140625,-12.453125,-7.53125,72
44,0.7828124999999999,0.7265625,-11.328125,-7.78125,60
45,1.7328125,0.9765625,-12.828125,-6.78125,106
46,1.2578125,0.6015625,-12.078125,-7.28125,83
47,0.3078125,0.8515625,-13.578125,-6.28125,37
48,0.2484375,0.6171875,-11.609375,-7.71875,34
49,1.1984375,0.8671875,-13.109375,-6.71875,80
50,1.6734375,0.7421875,-12.359375,-7.21875,104
51,0.7234375,0.9921875,-13.859375,-6.21875,57
52,0.9609375,0.6796875,-12.734375,-6.46875,69
53,1.9109375,0.9296875,-11.234375,-7.46875,115
54,1.4359375,0.5546875,-13.484375,-6.96875,92
55,0.4859375,0.8046875,-11.984375,-7.96875,46
56,0.3671875,0.7109375,-13.296875,-7.34375,40
57,1.3171875,0.9609375,-11.796875,-6.34375,86
58,1.7921875,0.5859375,-12.546875,-7.84375,109
59,0.8421875,0.8359375,-11.046875,-6.84375,63
60,0.6046874999999999,0.5234375,-12.171875,-6.59375,51
61,1.5546875,0.7734375,-13.671875,-7.59375,98
62,1.0796875,0.6484375,-11.421875,-6.09375,75
63,0.1296875,0.8984375,-12.921875,-7.09375,28
64,0.14453125,0.69921875,-11.5390625,-6.328125,29
65,1.09453125,0.94921875,-13.0390625,-7.328125,75
66,1.56953125,0.57421875,-12.2890625,-6.828125,98
67,0.61953125,0.82421875,-13.7890625,-7.828125,52
68,0.8570312499999999,0.51171875,-12.6640625,-7.578125,64
69,1.80703125,0.76171875,-11.1640625,-6.578125,110
70,1.33203125,0.63671875,-13.4140625,-7.078125,87
71,0.38203125,0.88671875,-11.9140625,-6.078125,40
72,0.50078125,0.60546875,-13.6015625,-6.703125,46
73,1.45078125,0.85546875,-12.1015625,-7.703125,93
74,1.92578125,0.73046875,-12.8515625,-6.203125,116
75,0.97578125,0.98046875,-11.3515625,-7.203125,69
76,0.73828125,0.66796875,-12.4765625,-7.453125,58
77,1.68828125,0.91796875,-13.9765625,-6.453125,104
78,1.21328125,0.54296875,-11.7265625,-7.953125,81
79,0.26328125,0.79296875,-13.2265625,-6.953125,35
80,0.32265625,0.55859375,-12.0078125,-7.015625,38
81,1.27265625,0.80859375,-13.5078125,-6.015625,84
82,1.74765625,0.68359375,-11.2578125,-7.515625,107
83,0.79765625,0.93359375,-12.7578125,-6.515625,61
84,1.03515625,0.74609375,-13.8828125,-6.765625,72
85,1.98515625,0.99609375,-12.3828125,-7.765625,119
86,1.51015625,0.62109375,-13.1328125,-6.265625,96
87,0.56015625,0.87109375,-11.6328125,-7.265625,49
88,0.44140625,0.65234375,-12.9453125,-7.890625,43
89,1.39140625,0.90234375,-11.4453125,-6.890625,90
90,1.86640625,0.52734375,-13.6953125,-7.390625,113
91,0.91640625,0.77734375,-12.1953125,-6.390625,67
92,0.6789062499999999,0.58984375,-11.0703125,-6.140625,55
93,1.62890625,0.83984375,-12.5703125,-7.140625,101
94,1.15390625,0.71484375,-11.8203125,-6.640625,78
95,0.20390625,0.96484375,-13.3203125,-7.640625,32
96,0.17421875,0.56640625,-12.8046875,-7.296875,30
97,1.12421875,0.81640625,-11.3046875,-6.296875,77
98,1.59921875,0.69140625,-13.5546875,-7.796875,100
99,0.64921875,0.94140625,-12.0546875,-6.796875,54
100,0.8867187499999999,0.62890625,-11.6796875,-6.546875,65
101,1.83671875,0.87890625,-13.1796875,-7.546875,112
102,1.36171875,0.50390625,-12.4296875,-6.046875,88
103,0.41171875,0.75390625,-13.9296875,-7.046875,42
104,0.5304687499999999,0.72265625,-12.2421875,-7.671875,48
105,1.48046875,0.97265625,-13.7421875,-6.671875,94
106,1.95546875,0.59765625,-11.4921875,-7.171875,117
107,1.00546875,0.84765625,-12.9921875,-6.171875,71
108,0.76796875,0.53515625,-13.3671875,-6.421875,59
109,1.71796875,0.78515625,-11.8671875,-7.421875,106
110,1.24296875,0.66015625,-12.6171875,-6.921875,83
111,0.29296875,0.91015625,-11.1171875,-7.921875,36
112,0.23359375,0.67578125,-13.6484375,-6.109375,33
113,1.18359375,0.92578125,-12.1484375,-7.109375,80
114,1.65859375,0.55078125,-12.8984375,-6.609375,103
115,0.7085937499999999,0.80078125,-11.3984375,-7.609375,56
116,0.94609375,0.61328125,-11.7734375,-7.859375,68
117,1.89609375,0.86328125,-13.2734375,-6.859375,114
118,1.42109375,0.73828125,-11.0234375,-7.359375,91
119,0.47109375,0.98828125,-12.5234375,-6.359375,45
120,0.3523437499999999,0.51953125,-11.2109375,-6.984375,39
121,1.30234375,0.76953125,-12.7109375,-7.984375,85
122,1.77734375,0.64453125,-11.9609375,-6.484375,109
123,0.8273437499999999,0.89453125,-13.4609375,-7.484375,62
124,0.58984375,0.70703125,-13.0859375,-7.234375,51
125,1.53984375,0.95703125,-11.5859375,-6.234375,97
126,1.06484375,0.58203125,-13.8359375,-7.734375,74
127,0.11484375,0.83203125,-12.3359375,-6.734375,27
128,0.122265625,0.666015625,-13.12109375,-7.6171875,28
129,1.072265625,0.916015625,-11.62109375,-6.6171875,74
130,1.547265625,0.541015625,-13.87109375,-7.1171875,97
131,0.597265625,0.791015625,-12.37109375,-6.1171875,51
132,0.834765625,0.603515625,-11.24609375,-6.3671875,63
133,1.784765625,0.853515625,-12.74609375,-7.3671875,109
134,1.309765625,0.728515625,-11.99609375,-6.8671875,86
135,0.359765625,0.978515625,-13.49609375,-7.8671875,39
136,0.478515625,0.509765625,-11.80859375,-7.4921875,45
137,1.428515625,0.759765625,-13.30859375,-6.4921875,92
138,1.903515625,0.634765625,-11.05859375,-7.9921875,115
139,0.953515625,0.884765625,-12.55859375,-6.9921875,68
140,0.7160156249999999,0.697265625,-13.68359375,-6.7421875,57
141,1.666015625,0.947265625,-12.18359375,-7.7421875,103
142,1.191015625,0.572265625,-12.93359375,-6.2421875,80
143,0.241015625,0.822265625,-11.43359375,-7.2421875,34
144,0.300390625,0.587890625,-13.40234375,-6.8046875,36
145,1.250390625,0.837890625,-11.90234375,-7.8046875,83
146,1.725390625,0.712890625,-12.65234375,-6.3046875,106
147,0.775390625,0.962890625,-11.15234375,-7.3046875,60
148,1.012890625,0.650390625,-12.27734375,-7.0546875,71
149,1.962890625,0.900390625,-13.77734375,-6.0546875,118
150,1.487890625,0.525390625,-11.52734375,-7.5546875,95
151,0.537890625,0.775390625,-13.02734375,-6.5546875,48
152,0.419140625,0.744140625,-11.71484375,-6.1796875,42
153,1.369140625,0.994140625,-13.21484375,-7.1796875,89
154,1.844140625,0.619140625,-12.46484375,-6.6796875,112
155,0.8941406249999999,0.869140625,-13.96484375,-7.6796875,65
156,0.656640625,0.556640625,-12.83984375,-7.9296875,54
157,1.606640625,0.806640625,-11.33984375,-6.9296875,100
158,1.131640625,0.681640625,-13.58984375,-7.4296875,77
159,0.181640625,0.931640625,-12.08984375,-6.4296875,31
160,0.211328125,0.533203125,-11.01171875,-6.5234375,32
161,1.161328125,0.783203125,-12.51171875,-7.5234375,79
162,1.636328125,0.658203125,-11.76171875,-6.0234375,102
163,0.686328125,0.908203125,-13.26171875,-7.0234375,55
164,0.923828125,0.720703125,-12.88671875,-7.2734375,67
165,1.873828125,0.970703125,-11.38671875,-6.2734375,113
166,1.398828125,0.595703125,-13.63671875,-7.7734375,90
167,0.448828125,0.845703125,-12.13671875,-6.7734375,44
168,0.5675781249999999,0.626953125,-13.82421875,-6.3984375,50
169,1.517578125,0.876953125,-12.32421875,-7.3984375,96
170,1.992578125,0.501953125,-13.07421875,-6.8984375,119
171,1.042578125,0.751953125,-11.57421875,-7.8984375,73
172,0.805078125,0.564453125,-11.94921875,-7.6484375,61
173,1.755078125,0.814453125,-13.44921875,-6.6484375,108
174,1.280078125,0.689453125,-11.19921875,-7.1484375,84
175,0.330078125,0.939453125,-12.69921875,-6.1484375,38
176,0.270703125,0.705078125,-12.41796875,-7.8359375,35
177,1.220703125,0.955078125,-13.91796875,-6.8359375,81
178,1.695703125,0.580078125,-11.66796875,-7.3359375,105
179,0.7457031249999999,0.830078125,-13.16796875,-6.3359375,58
180,0.983203125,0.517578125,-13.54296875,-6.0859375,70
181,1.933203125,0.767578125,-12.04296875,-7.0859375,116
182,1.458203125,0.642578125,-12.79296875,-6.5859375,93
183,0.508203125,0.892578125,-11.29296875,-7.5859375,47
184,0.3894531249999999,0.611328125,-12.60546875,-7.2109375,41
185,1.339453125,0.861328125,-11.10546875,-6.2109375,87
186,1.814453125,0.736328125,-13.35546875,-7.7109375,110
187,0.8644531249999999,0.986328125,-11.85546875,-6.7109375,64
188,0.626953125,0.673828125,-11.48046875,-6.9609375,52
189,1.576953125,0.923828125,-12.98046875,-7.9609375,99
190,1.101953125,0.548828125,-12.23046875,-6.4609375,76
191,0.151953125,0.798828125,-13.73046875,-7.4609375,29
192,0.137109375,0.599609375,-12.20703125,-6.1953125,29
193,1.087109375,0.849609375,-13.70703125,-7.1953125,75
194,1.562109375,0.724609375,-11.45703125,-6.6953125,98
195,0.612109375,0.974609375,-12.95703125,-7.6953125,52
196,0.8496093749999999,0.662109375,-13.33203125,-7.9453125,63
197,1.799609375,0.912109375,-11.83203125,-6.9453125,110
198,1.324609375,0.537109375,-12.58203125,-7.4453125,87
199,0.374609375,0.787109375,-11.08203125,-6.4453125,40
200,0.4933593749999999,0.693359375,-12.76953125,-6.8203125,46
201,1.443359375,0.943359375,-11.26953125,-7.8203125,92
202,1.918359375,0.568359375,-13.51953125,-6.3203125,116
203,0.968359375,0.818359375,-12.01953125,-7.3203125,69
204,0.730859375,0.505859375,-11.64453125,-7.0703125,58
205,1.680859375,0.755859375,-13.14453125,-6.0703125,104
206,1.205859375,0.630859375,-12.39453125,-7.5703125,81
207,0.255859375,0.880859375,-13.89453125,-6.5703125,34
208,0.3152343749999999,0.646484375,-11.36328125,-7.3828125,37
209,1.265234375,0.896484375,-12.86328125,-6.3828125,84
210,1.740234375,0.521484375,-12.11328125,-7.8828125,107
211,0.7902343749999999,0.771484375,-13.61328125,-6.8828125,60
212,1.027734375,0.583984375,-13.23828125,-6.6328125,72
213,1.977734375,0.833984375,-11.73828125,-7.6328125,118
214,1.502734375,0.708984375,-13.98828125,-6.1328125,95
215,0.552734375,0.958984375,-12.48828125,-7.1328125,49
216,0.433984375,0.552734375,-13.80078125,-7.5078125,43
217,1.383984375,0.802734375,-12.30078125,-6.5078125,89
218,1.858984375,0.677734375,-13.05078125,-7.0078125,113
219,0.908984375,0.927734375,-11.55078125,-6.0078125,66
220,0.6714843749999999,0.740234375,-11.92578125,-6.2578125,55
221,1.621484375,0.990234375,-13.42578125,-7.2578125,101
222,1.146484375,0.615234375,-11.17578125,-6.7578125,78
223,0.196484375,0.865234375,-12.67578125,-7.7578125,31
224,0.166796875,0.732421875,-13.47265625,-7.1640625,30
225,1.116796875,0.982421875,-11.97265625,-6.1640625,76
226,1.591796875,0.607421875,-12.72265625,-7.6640625,100
227,0.6417968749999999,0.857421875,-11.22265625,-6.6640625,53
228,0.879296875,0.544921875,-12.34765625,-6.9140625,65
229,1.829296875,0.794921875,-13.84765625,-7.9140625,111
230,1.354296875,0.669921875,-11.59765625,-6.4140625,88
231,0.404296875,0.919921875,-13.09765625,-7.4140625,42
232,0.523046875,0.576171875,-11.41015625,-7.7890625,47
233,1.473046875,0.826171875,-12.91015625,-6.7890625,94
234,1.948046875,0.701171875,-12.16015625,-7.2890625,117
235,0.998046875,0.951171875,-13.66015625,-6.2890625,71
236,0.760546875,0.638671875,-12.53515625,-6.0390625,59
237,1.710546875,0.888671875,-11.03515625,-7.0390625,105
238,1.235546875,0.513671875,-13.28515625,-6.5390625,82
239,0.285546875,0.763671875,-11.78515625,-7.5390625,36
240,0.226171875,0.529296875,-13.00390625,-6.4765625,33
241,1.176171875,0.779296875,-11.50390625,-7.4765625,79
242,1.651171875,0.654296875,-13.75390625,-6.9765625,102
243,0.701171875,0.904296875,-12.25390625,-7.9765625,56
244,0.938671875,0.716796875,-11.12890625,-7.7265625,68
245,1.888671875,0.966796875,-12.62890625,-6.7265625,114
246,1.413671875,0.591796875,-11.87890625,-7.2265625,91
247,0.4636718749999999,0.841796875,-13.37890625,-6.2265625,44
248,0.344921875,0.685546875,-12.06640625,-6.6015625,39
249,1.294921875,0.935546875,-13.56640625,-7.6015625,85
250,1.769921875,0.560546875,-11.31640625,-6.1015625,108
251,0.8199218749999999,0.810546875,-12.81640625,-7.1015625,62
252,0.582421875,0.623046875,-13.94140625,-7.3515625,50
253,1.532421875,0.873046875,-12.44140625,-6.3515625,97
254,1.057421875,0.748046875,-13.19140625,-7.8515625,73
255,0.107421875,0.998046875,-11.69140625,-6.8515625,27
256,0.1111328125,0.7490234375,-11.966796875,-7.41015625,27
257,1.0611328125,0.9990234375,-13.466796875,-6.41015625,74
258,1.5361328125,0.6240234375,-11.216796875,-7.91015625,97
259,0.5861328124999999,0.8740234375,-12.716796875,-6.91015625,50
260,0.8236328125,0.5615234375,-13.841796875,-6.66015625,62
261,1.7736328125,0.8115234375,-12.341796875,-7.66015625,108
262,1.2986328125,0.6865234375,-13.091796875,-6.16015625,85
263,0.3486328125,0.9365234375,-11.591796875,-7.16015625,39
264,0.4673828125,0.5927734375,-12.904296875,-7.53515625,45
265,1.4173828125,0.8427734375,-11.404296875,-6.53515625,91
266,1.8923828125,0.7177734375,-13.654296875,-7.03515625,114
267,0.9423828125,0.9677734375,-12.154296875,-6.03515625,68
268,0.7048828125,0.6552734375,-11.029296875,-6.28515625,56
269,1.6548828125,0.9052734375,-12.529296875,-7.28515625,103
270,1.1798828125,0.5302734375,-11.779296875,-6.78515625,79
271,0.2298828125,0.7802734375,-13.279296875,-7.78515625,33
272,0.2892578125,0.5146484375,-11.498046875,-6.22265625,36
273,1.2392578125,0.7646484375,-12.998046875,-7.22265625,82
274,1.7142578125,0.6396484375,-12.248046875,-6.72265625,106
275,0.7642578124999999,0.8896484375,-13.748046875,-7.72265625,59
276,1.0017578125,0.7021484375,-12.623046875,-7.97265625,71
277,1.9517578125,0.9521484375,-11.123046875,-6.97265625,117
278,1.4767578125,0.5771484375,-13.373046875,-7.47265625,94
279,0.5267578125,0.8271484375,-11.873046875,-6.47265625,48
280,0.4080078124999999,0.6708984375,-13.560546875,-6.84765625,42
281,1.3580078125,0.9208984375,-12.060546875,-7.84765625,88
282,1.8330078125,0.5458984375,-12.810546875,-6.34765625,111
283,0.8830078124999999,0.7958984375,-11.310546875,-7.34765625,65
284,0.6455078125,0.6083984375,-12.435546875,-7.09765625,53
285,1.5955078125,0.8583984375,-13.935546875,-6.09765625,100
286,1.1205078125,0.7333984375,-11.685546875,-7.59765625,77
287,0.1705078125,0.9833984375,-13.185546875,-6.59765625,30
288,0.2001953125,0.6162109375,-13.701171875,-6.44140625,32
289,1.1501953125,0.8662109375,-12.201171875,-7.44140625,78
290,1.6251953125,0.7412109375,-12.951171875,-6.94140625,101
291,0.6751953125,0.9912109375,-11.451171875,-7.94140625,55
292,0.9126953125,0.6787109375,-11.826171875,-7.69140625,66
293,1.8626953125,0.9287109375,-13.326171875,-6.69140625,113
294,1.3876953125,0.5537109375,-11.076171875,-7.19140625,90
295,0.4376953125,0.8037109375,-12.576171875,-6.19140625,43
296,0.5564453125,0.7099609375,-11.263671875,-6.56640625,49
297,1.5064453125,0.9599609375,-12.763671875,-7.56640625,95
298,1.9814453125,0.5849609375,-12.013671875,-6.06640625,119
299,1.0314453125,0.8349609375,-13.513671875,-7.06640625,72
300,0.7939453125,0.5224609375,-13.138671875,-7.31640625,61
301,1.7439453125,0.7724609375,-11.638671875,-6.31640625,107
302,1.2689453125,0.6474609375,-13.888671875,-7.81640625,84
303,0.3189453125,0.8974609375,-12.388671875,-6.81640625,37
304,0.2595703125,0.6318359375,-12.857421875,-7.12890625,34
305,1.2095703125,0.8818359375,-11.357421875,-6.12890625,81
306,1.6845703125,0.5068359375,-13.607421875,-7.62890625,104
307,0.7345703124999999,0.7568359375,-12.107421875,-6.62890625,58
308,0.9720703125,0.5693359375,-11.732421875,-6.87890625,69
309,1.9220703125,0.8193359375,-13.232421875,-7.87890625,116
310,1.4470703125,0.6943359375,-12.482421875,-6.37890625,93
311,0.4970703125,0.9443359375,-13.982421875,-7.37890625,46
312,0.3783203125,0.5380859375,-12.294921875,-7.75390625,40
313,1.3283203125,0.7880859375,-13.794921875,-6.75390625,87
314,1.8033203125,0.6630859375,-11.544921875,-7.25390625,110
315,0.8533203125,0.9130859375,-13.044921875,-6.25390625,63
316,0.6158203124999999,0.7255859375,-13.419921875,-6.00390625,52
317,1.5658203125,0.9755859375,-11.919921875,-7.00390625,98
318,1.0908203125,0.6005859375,-12.669921875,-6.50390625,75
319,0.1408203125,0.8505859375,-11.169921875,-7.50390625,29
320,0.1556640625,0.5498046875,-12.505859375,-6.76953125,29
321,1.1056640625,0.7998046875,-11.005859375,-7.76953125,76
322,1.5806640625,0.6748046875,-13.255859375,-6.26953125,99
323,0.6306640625,0.9248046875,-11.755859375,-7.26953125,53
324,0.8681640624999999,0.7373046875,-11.380859375,-7.01953125,64
325,1.8181640625,0.9873046875,-12.880859375,-6.01953125,111
326,1.3431640625,0.6123046875,-12.130859375,-7.51953125,87
327,0.3931640625,0.8623046875,-13.630859375,-6.51953125,41
328,0.5119140624999999,0.6435546875,-12.318359375,-6.14453125,47
329,1.4619140625,0.8935546875,-13.818359375,-7.14453125,93
330,1.9369140625,0.5185546875,-11.568359375,-6.64453125,116
331,0.9869140625,0.7685546875,-13.068359375,-7.64453125,70
332,0.7494140625,0.5810546875,-13.443359375,-7.89453125,58
333,1.6994140625,0.8310546875,-11.943359375,-6.89453125,105
334,1.2244140625,0.7060546875,-12.693359375,-7.39453125,82
335,0.2744140625,0.9560546875,-11.193359375,-6.39453125,35
336,0.3337890624999999,0.6904296875,-13.912109375,-7.58203125,38
337,1.2837890625,0.9404296875,-12.412109375,-6.58203125,85
338,1.7587890625,0.5654296875,-13.162109375,-7.08203125,108
339,0.8087890624999999,0.8154296875,-11.662109375,-6.08203125,61
340,1.0462890625,0.5029296875,-12.037109375,-6.33203125,73
341,1.9962890625,0.7529296875,-13.537109375,-7.33203125,119
342,1.5212890625,0.6279296875,-11.287109375,-6.83203125,96
343,0.5712890625,0.8779296875,-12.787109375,-7.83203125,50
344,0.4525390625,0.5966796875,-11.099609375,-7.45703125,44
345,1.4025390625,0.8466796875,-12.599609375,-6.45703125,90
346,1.8775390625,0.7216796875,-11.849609375,-7.95703125,114
347,0.9275390625,0.9716796875,-13.349609375,-6.95703125,67
348,0.6900390624999999,0.6591796875,-12.974609375,-6.70703125,56
349,1.6400390625,0.9091796875,-11.474609375,-7.70703125,102
350,1.1650390625,0.5341796875,-13.724609375,-6.20703125,79
351,0.2150390625,0.7841796875,-12.224609375,-7.20703125,32
352,0.1853515625,0.6826171875,-11.615234375,-7.86328125,31
353,1.1353515625,0.9326171875,-13.115234375,-6.86328125,77
354,1.6103515625,0.5576171875,-12.365234375,-7.36328125,100
355,0.6603515624999999,0.8076171875,-13.865234375,-6.36328125,54
356,0.8978515625,0.6201171875,-12.740234375,-6.11328125,66
357,1.8478515625,0.8701171875,-11.240234375,-7.11328125,112
358,1.3728515625,0.7451171875,-13.490234375,-6.61328125,89
359,0.4228515625,0.9951171875,-11.990234375,-7.61328125,42
360,0.5416015625,0.5263671875,-13.302734375,-7.23828125,48
361,1.4916015625,0.7763671875,-11.802734375,-6.23828125,95
362,1.9666015625,0.6513671875,-12.552734375,-7.73828125,118
363,1.0166015625,0.9013671875,-11.052734375,-6.73828125,71
364,0.7791015625,0.7138671875,-12.177734375,-6.98828125,60
365,1.7291015625,0.9638671875,-13.677734375,-7.98828125,106
366,1.2541015625,0.5888671875,-11.427734375,-6.48828125,83
367,0.3041015625,0.8388671875,-12.927734375,-7.48828125,37
368,0.2447265625,0.5732421875,-11.896484375,-6.55078125,34
369,1.1947265625,0.8232421875,-13.396484375,-7.55078125,80
370,1.6697265625,0.6982421875,-11.146484375,-6.05078125,103
371,0.7197265625,0.9482421875,-12.646484375,-7.05078125,57
372,0.9572265625,0.6357421875,-13.771484375,-7.30078125,69
373,1.9072265625,0.8857421875,-12.271484375,-6.30078125,115
374,1.4322265625,0.5107421875,-13.021484375,-7.80078125,92
375,0.4822265624999999,0.7607421875,-11.521484375,-6.80078125,45
376,0.3634765625,0.7294921875,-13.208984375,-6.42578125,40
377,1.3134765625,0.9794921875,-11.708984375,-7.42578125,86
378,1.7884765625,0.6044921875,-13.958984375,-6.92578125,109
379,0.8384765624999999,0.8544921875,-12.458984375,-7.92578125,63
380,0.6009765625,0.5419921875,-11.333984375,-7.67578125,51
381,1.5509765625,0.7919921875,-12.833984375,-6.67578125,98
382,1.0759765625,0.6669921875,-12.083984375,-7.17578125,74
383,0.1259765625,0.9169921875,-13.583984375,-6.17578125,28
384,0.1185546875,0.5830078125,-11.298828125,-7.04296875,28
385,1.0685546875,0.8330078125,-12.798828125,-6.04296875,74
386,1.5435546875,0.7080078125,-12.048828125,-7.54296875,97
387,0.5935546875,0.9580078125,-13.548828125,-6.54296875,51
388,0.8310546874999999,0.6455078125,-13.173828125,-6.79296875,62
389,1.7810546875,0.8955078125,-11.673828125,-7.79296875,109
390,1.3060546875,0.5205078125,-13.923828125,-6.29296875,86
391,0.3560546875,0.7705078125,-12.423828125,-7.29296875,39
392,0.4748046874999999,0.7392578125,-13.736328125,-7.91796875,45
393,1.4248046875,0.9892578125,-12.236328125,-6.91796875,91
394,1.8998046875,0.6142578125,-12.986328125,-7.41796875,115
395,0.9498046875,0.8642578125,-11.486328125,-6.41796875,68
396,0.7123046875,0.5517578125,-11.861328125,-6.16796875,57
397,1.6623046875,0.8017578125,-13.361328125,-7.16796875,103
398,1.1873046875,0.6767578125,-11.111328125,-6.66796875,80
399,0.2373046875,0.9267578125,-12.611328125,-7.66796875,33
400,0.2966796874999999,0.6611328125,-12.142578125,-6.35546875,36
401,1.2466796875,0.9111328125,-13.642578125,-7.35546875,83
402,1.7216796875,0.5361328125,-11.392578125,-6.85546875,106
403,0.7716796874999999,0.7861328125,-12.892578125,-7.85546875,60
404,1.0091796875,0.5986328125,-13.267578125,-7.60546875,71
405,1.9591796875,0.8486328125,-11.767578125,-6.60546875,118
406,1.4841796875,0.7236328125,-12.517578125,-7.10546875,94
407,0.5341796875,0.9736328125,-11.017578125,-6.10546875,48
408,0.4154296875,0.5048828125,-12.705078125,-6.73046875,42
409,1.3654296875,0.7548828125,-11.205078125,-7.73046875,89
410,1.8404296875,0.6298828125,-13.455078125,-6.23046875,112
411,0.8904296875,0.8798828125,-11.955078125,-7.23046875,65
412,0.6529296874999999,0.6923828125,-11.580078125,-7.48046875,54
413,1.6029296875,0.9423828125,-13.080078125,-6.48046875,100
414,1.1279296875,0.5673828125,-12.330078125,-7.98046875,77
415,0.1779296875,0.8173828125,-13.830078125,-6.98046875,30
416,0.2076171875,0.7158203125,-13.033203125,-6.07421875,32
417,1.1576171875,0.9658203125,-11.533203125,-7.07421875,78
418,1.6326171875,0.5908203125,-13.783203125,-6.57421875,102
419,0.6826171875,0.8408203125,-12.283203125,-7.57421875,55
420,0.9201171875,0.5283203125,-11.158203125,-7.82421875,67
421,1.8701171875,0.7783203125,-12.658203125,-6.82421875,113
422,1.3951171875,0.6533203125,-11.908203125,-7.32421875,90
423,0.4451171874999999,0.9033203125,-13.408203125,-6.32421875,44
424,0.5638671875,0.6220703125,-12.095703125,-6.94921875,49
425,1.5138671875,0.8720703125,-13.595703125,-7.94921875,96
426,1.9888671875,0.7470703125,-11.345703125,-6.44921875,119
427,1.0388671875,0.9970703125,-12.845703125,-7.44921875,73
428,0.8013671874999999,0.6845703125,-13.970703125,-7.19921875,61
429,1.7513671875,0.9345703125,-12.470703125,-6.19921875,107
430,1.2763671875,0.5595703125,-13.220703125,-7.69921875,84
431,0.3263671875,0.8095703125,-11.720703125,-6.69921875,38
432,0.2669921875,0.5439453125,-13.501953125,-7.26171875,35
433,1.2169921875,0.7939453125,-12.001953125,-6.26171875,81
434,1.6919921875,0.6689453125,-12.751953125,-7.76171875,104
435,0.7419921875,0.9189453125,-11.251953125,-6.76171875,58
436,0.9794921875,0.7314453125,-12.376953125,-6.51171875,70
437,1.9294921875,0.9814453125,-13.876953125,-7.51171875,116
438,1.4544921875,0.6064453125,-11.626953125,-6.01171875,93
439,0.5044921875,0.8564453125,-13.126953125,-7.01171875,46
440,0.3857421875,0.6376953125,-11.439453125,-7.63671875,41
441,1.3357421875,0.8876953125,-12.939453125,-6.63671875,87
442,1.8107421875,0.5126953125,-12.189453125,-7.13671875,110
443,0.8607421875,0.7626953125,-13.689453125,-6.13671875,64
444,0.6232421874999999,0.5751953125,-12.564453125,-6.38671875,52
445,1.5732421875,0.8251953125,-11.064453125,-7.38671875,99
446,1.0982421875,0.7001953125,-13.314453125,-6.88671875,75
447,0.1482421875,0.9501953125,-11.814453125,-7.88671875,29
448,0.1333984375,0.6494140625,-13.384765625,-6.65234375,28
449,1.0833984375,0.8994140625,-11.884765625,-7.65234375,75
450,1.5583984375,0.5244140625,-12.634765625,-6.15234375,98
451,0.6083984375,0.7744140625,-11.134765625,-7.15234375,52
452,0.8458984374999999,0.5869140625,-12.259765625,-7.40234375,63
453,1.7958984375,0.8369140625,-13.759765625,-6.40234375,110
454,1.3208984375,0.7119140625,-11.509765625,-7.90234375,86
455,0.3708984374999999,0.9619140625,-13.009765625,-6.90234375,40
456,0.4896484375,0.5556640625,-11.697265625,-6.27734375,46
457,1.4396484375,0.8056640625,-13.197265625,-7.27734375,92
458,1.9146484375,0.6806640625,-12.447265625,-6.77734375,115
459,0.9646484375,0.9306640625,-13.947265625,-7.77734375,69
460,0.7271484374999999,0.7431640625,-12.822265625,-7.52734375,57
461,1.6771484375,0.9931640625,-11.322265625,-6.52734375,104
462,1.2021484375,0.6181640625,-13.572265625,-7.02734375,81
463,0.2521484375,0.8681640625,-12.072265625,-6.02734375,34
464,0.3115234375,0.6025390625,-13.103515625,-7.96484375,37
465,1.2615234375,0.8525390625,-11.603515625,-6.96484375,83
466,1.7365234375,0.7275390625,-13.853515625,-7.46484375,107
467,0.7865234375,0.9775390625,-12.353515625,-6.46484375,60
468,1.0240234375,0.6650390625,-11.228515625,-6.21484375,72
469,1.9740234375,0.9150390625,-12.728515625,-7.21484375,118
470,1.4990234375,0.5400390625,-11.978515625,-6.71484375,95
471,0.5490234374999999,0.7900390625,-13.478515625,-7.71484375,49
472,0.4302734375,0.6962890625,-11.791015625,-7.08984375,43
473,1.3802734375,0.9462890625,-13.291015625,-6.08984375,89
474,1.8552734375,0.5712890625,-11.041015625,-7.58984375,112
475,0.9052734375,0.8212890625,-12.541015625,-6.58984375,66
476,0.6677734375,0.5087890625,-13.666015625,-6.83984375,54
477,1.6177734375,0.7587890625,-12.166015625,-7.83984375,101
478,1.1427734375,0.6337890625,-12.916015625,-6.33984375,78
479,0.1927734375,0.8837890625,-11.416015625,-7.33984375,31
480,0.1630859375,0.5166015625,-12.494140625,-7.74609375,30
481,1.1130859375,0.7666015625,-13.994140625,-6.74609375,76
482,1.5880859375,0.6416015625,-11.744140625,-7.24609375,99
483,0.6380859375,0.8916015625,-13.244140625,-6.24609375,53
484,0.8755859374999999,0.7041015625,-13.619140625,-6.49609375,65
485,1.8255859375,0.9541015625,-12.119140625,-7.49609375,111
486,1.3505859375,0.5791015625,-12.869140625,-6.99609375,88
487,0.4005859375,0.8291015625,-11.369140625,-7.99609375,41
488,0.5193359375,0.6728515625,-12.681640625,-7.37109375,47
489,1.4693359375,0.9228515625,-11.181640625,-6.37109375,94
490,1.9443359375,0.5478515625,-13.431640625,-7.87109375,117
491,0.9943359375,0.7978515625,-11.931640625,-6.87109375,70
492,0.7568359375,0.6103515625,-11.556640625,-6.62109375,59
493,1.7068359375,0.8603515625,-13.056640625,-7.62109375,105
494,1.2318359375,0.7353515625,-12.306640625,-6.12109375,82
495,0.2818359375,0.9853515625,-13.806640625,-7.12109375,36
496,0.2224609375,0.7197265625,-11.087890625,-6.93359375,33
497,1.1724609375,0.9697265625,-12.587890625,-7.93359375,79
498,1.6474609375,0.5947265625,-11.837890625,-6.43359375,102
499,0.6974609374999999,0.8447265625,-13.337890625,-7.43359375,56
500,0.9349609375,0.5322265625,-12.962890625,-7.18359375,67
501,1.8849609375,0.7822265625,-11.462890625,-6.18359375,114
502,1.4099609375,0.6572265625,-13.712890625,-7.68359375,91
503,0.4599609375,0.9072265625,-12.212890625,-6.68359375,44
504,0.3412109375,0.5634765625,-13.900390625,-6.05859375,38
505,1.2912109375,0.8134765625,-12.400390625,-7.05859375,85
506,1.7662109375,0.6884765625,-13.150390625,-6.55859375,108
507,0.8162109375,0.9384765625,-11.650390625,-7.55859375,62
508,0.5787109375,0.6259765625,-12.025390625,-7.80859375,50
509,1.5287109375,0.8759765625,-13.525390625,-6.80859375,96
510,1.0537109375,0.5009765625,-11.275390625,-7.30859375,73
511,0.1037109375,0.7509765625,-12.775390625,-6.30859375,27
512,0.10556640625,0.62548828125,-11.1376953125,-6.017578125,27
513,1.05556640625,0.87548828125,-12.6376953125,-7.017578125,73
514,1.53056640625,0.50048828125,-11.8876953125,-6.517578125,97
515,0.58056640625,0.75048828125,-13.3876953125,-7.517578125,50
516,0.8180664062499999,0.56298828125,-13.0126953125,-7.767578125,62
517,1.76806640625,0.81298828125,-11.5126953125,-6.767578125,108
518,1.29306640625,0.68798828125,-13.7626953125,-7.267578125,85
519,0.3430664062499999,0.93798828125,-12.2626953125,-6.267578125,39
520,0.46181640625,0.53173828125,-13.9501953125,-6.892578125,44
521,1.41181640625,0.78173828125,-12.4501953125,-7.892578125,91
522,1.88681640625,0.65673828125,-13.2001953125,-6.392578125,114
523,0.93681640625,0.90673828125,-11.7001953125,-7.392578125,68
524,0.6993164062499999,0.71923828125,-12.0751953125,-7.142578125,56
525,1.64931640625,0.96923828125,-13.5751953125,-6.142578125,102
526,1.17431640625,0.59423828125,-11.3251953125,-7.642578125,79
527,0.22431640625,0.84423828125,-12.8251953125,-6.642578125,33
528,0.28369140625,0.60986328125,-12.3564453125,-7.330078125,36
529,1.23369140625,0.85986328125,-13.8564453125,-6.330078125,82
530,1.70869140625,0.73486328125,-11.6064453125,-7.830078125,105
531,0.75869140625,0.98486328125,-13.1064453125,-6.830078125,59
532,0.99619140625,0.67236328125,-13.4814453125,-6.580078125,70
533,1.94619140625,0.92236328125,-11.9814453125,-7.580078125,117
534,1.47119140625,0.54736328125,-12.7314453125,-6.080078125,94
535,0.5211914062499999,0.79736328125,-11.2314453125,-7.080078125,47
536,0.40244140625,0.70361328125,-12.5439453125,-7.705078125,41
537,1.35244140625,0.95361328125,-11.0439453125,-6.705078125,88
538,1.82744140625,0.57861328125,-13.2939453125,-7.205078125,111
539,0.8774414062499999,0.82861328125,-11.7939453125,-6.205078125,65
540,0.63994140625,0.51611328125,-11.4189453125,-6.455078125,53
541,1.58994140625,0.76611328125,-12.9189453125,-7.455078125,99
542,1.11494140625,0.64111328125,-12.1689453125,-6.955078125,76
543,0.16494140625,0.89111328125,-13.6689453125,-7.955078125,30
544,0.19462890625,0.50830078125,-13.2470703125,-7.111328125,31
545,1.14462890625,0.75830078125,-11.7470703125,-6.111328125,78
546,1.61962890625,0.63330078125,-13.9970703125,-7.611328125,101
547,0.6696289062499999,0.88330078125,-12.4970703125,-6.611328125,55
548,0.90712890625,0.69580078125,-11.3720703125,-6.861328125,66
549,1.85712890625,0.94580078125,-12.8720703125,-7.861328125,113
550,1.38212890625,0.57080078125,-12.1220703125,-6.361328125,89
551,0.43212890625,0.82080078125,-13.6220703125,-7.361328125,43
552,0.55087890625,0.66455078125,-11.9345703125,-7.986328125,49
553,1.50087890625,0.91455078125,-13.4345703125,-6.986328125,95
554,1.97587890625,0.53955078125,-11.1845703125,-7.486328125,118
555,1.02587890625,0.78955078125,-12.6845703125,-6.486328125,72
556,0.78837890625,0.60205078125,-13.8095703125,-6.236328125,60
557,1.73837890625,0.85205078125,-12.3095703125,-7.236328125,107
558,1.26337890625,0.72705078125,-13.0595703125,-6.736328125,84
559,0.31337890625,0.97705078125,-11.5595703125,-7.736328125,37
560,0.25400390625,0.74267578125,-13.3408203125,-6.298828125,34
561,1.20400390625,0.99267578125,-11.8408203125,-7.298828125,81
562,1.67900390625,0.61767578125,-12.5908203125,-6.798828125,104
563,0.72900390625,0.86767578125,-11.0908203125,-7.798828125,57
564,0.96650390625,0.55517578125,-12.2158203125,-7.548828125,69
565,1.91650390625,0.80517578125,-13.7158203125,-6.548828125,115
566,1.44150390625,0.68017578125,-11.4658203125,-7.048828125,92
567,0.4915039062499999,0.93017578125,-12.9658203125,-6.048828125,46
568,0.37275390625,0.58642578125,-11.6533203125,-6.673828125,40
569,1.32275390625,0.83642578125,-13.1533203125,-7.673828125,86
570,1.79775390625,0.71142578125,-12.4033203125,-6.173828125,110
571,0.8477539062499999,0.96142578125,-13.9033203125,-7.173828125,63
572,0.61025390625,0.64892578125,-12.7783203125,-7.423828125,52
573,1.56025390625,0.89892578125,-11.2783203125,-6.423828125,98
574,1.08525390625,0.52392578125,-13.5283203125,-7.923828125,75
575,0.13525390625,0.77392578125,-12.0283203125,-6.923828125,28
576,0.15009765625,0.57470703125,-13.5517578125,-7.658203125,29
577,1.10009765625,0.82470703125,-12.0517578125,-6.658203125,76
578,1.57509765625,0.69970703125,-12.8017578125,-7.158203125,99
579,0.6250976562499999,0.94970703125,-11.3017578125,-6.158203125,52
580,0.86259765625,0.63720703125,-12.4267578125,-6.408203125,64
581,1.81259765625,0.88720703125,-13.9267578125,-7.408203125,110
582,1.33759765625,0.51220703125,-11.6767578125,-6.908203125,87
583,0.38759765625,0.76220703125,-13.1767578125,-7.908203125,41
584,0.50634765625,0.73095703125,-11.4892578125,-7.283203125,47
585,1.45634765625,0.98095703125,-12.9892578125,-6.283203125,93
586,1.93134765625,0.60595703125,-12.2392578125,-7.783203125,116
587,0.98134765625,0.85595703125,-13.7392578125,-6.783203125,70
588,0.7438476562499999,0.54345703125,-12.6142578125,-6.533203125,58
589,1.69384765625,0.79345703125,-11.1142578125,-7.533203125,105
590,1.21884765625,0.66845703125,-13.3642578125,-6.033203125,81
591,0.26884765625,0.91845703125,-11.8642578125,-7.033203125,35
592,0.32822265625,0.68408203125,-12.8955078125,-6.970703125,38
593,1.27822265625,0.93408203125,-11.3955078125,-7.970703125,84
594,1.75322265625,0.55908203125,-13.6455078125,-6.470703125,107
595,0.80322265625,0.80908203125,-12.1455078125,-7.470703125,61
596,1.04072265625,0.62158203125,-11.0205078125,-7.220703125,73
597,1.99072265625,0.87158203125,-12.5205078125,-6.220703125,119
598,1.51572265625,0.74658203125,-11.7705078125,-7.720703125,96
599,0.56572265625,0.99658203125,-13.2705078125,-6.720703125,49
600,0.44697265625,0.52783203125,-11.9580078125,-6.095703125,44
601,1.39697265625,0.77783203125,-13.4580078125,-7.095703125,90
602,1.87197265625,0.65283203125,-11.2080078125,-6.595703125,113
603,0.92197265625,0.90283203125,-12.7080078125,-7.595703125,67
604,0.68447265625,0.71533203125,-13.8330078125,-7.845703125,55
605,1.63447265625,0.96533203125,-12.3330078125,-6.845703125,102
606,1.15947265625,0.59033203125,-13.0830078125,-7.345703125,78
607,0.20947265625,0.84033203125,-11.5830078125,-6.345703125,32
608,0.17978515625,0.69189453125,-12.2861328125,-6.689453125,31
609,1.12978515625,0.94189453125,-13.7861328125,-7.689453125,77
610,1.60478515625,0.56689453125,-11.5361328125,-6.189453125,100
611,0.65478515625,0.81689453125,-13.0361328125,-7.189453125,54
612,0.8922851562499999,0.50439453125,-13.4111328125,-7.439453125,65
613,1.84228515625,0.75439453125,-11.9111328125,-6.439453125,112
614,1.36728515625,0.62939453125,-12.6611328125,-7.939453125,89
615,0.4172851562499999,0.87939453125,-11.1611328125,-6.939453125,42
616,0.53603515625,0.59814453125,-12.8486328125,-6.314453125,48
617,1.48603515625,0.84814453125,-11.3486328125,-7.314453125,94
618,1.96103515625,0.72314453125,-13.5986328125,-6.814453125,118
619,1.01103515625,0.97314453125,-12.0986328125,-7.814453125,71
620,0.7735351562499999,0.66064453125,-11.7236328125,-7.564453125,60
621,1.72353515625,0.91064453125,-13.2236328125,-6.564453125,106
622,1.24853515625,0.53564453125,-12.4736328125,-7.064453125,83
623,0.29853515625,0.78564453125,-13.9736328125,-6.064453125,36
624,0.23916015625,0.55126953125,-11.2548828125,-7.876953125,33
625,1.18916015625,0.80126953125,-12.7548828125,-6.876953125,80
626,1.66416015625,0.67626953125,-12.0048828125,-7.376953125,103
627,0.71416015625,0.92626953125,-13.5048828125,-6.376953125,57
628,0.95166015625,0.73876953125,-13.1298828125,-6.126953125,68
629,1.90166015625,0.98876953125,-11.6298828125,-7.126953125,115
630,1.42666015625,0.61376953125,-13.8798828125,-6.626953125,92
631,0.47666015625,0.86376953125,-12.3798828125,-7.626953125,45
632,0.35791015625,0.64501953125,-13.6923828125,-7.001953125,39
633,1.30791015625,0.89501953125,-12.1923828125,-6.001953125,86
634,1.78291015625,0.52001953125,-12.9423828125,-7.501953125,109
635,0.83291015625,0.77001953125,-11.4423828125,-6.501953125,63
636,0.5954101562499999,0.58251953125,-11.8173828125,-6.751953125,51
637,1.54541015625,0.83251953125,-13.3173828125,-7.751953125,97
638,1.07041015625,0.70751953125,-11.0673828125,-6.251953125,74
639,0.12041015625,0.95751953125,-12.5673828125,-7.251953125,28
640,0.12783203125,0.54150390625,-11.7587890625,-6.400390625,28
641,1.07783203125,0.79150390625,-13.2587890625,-7.400390625,74
642,1.55283203125,0.66650390625,-11.0087890625,-6.900390625,98
643,0.60283203125,0.91650390625,-12.5087890625,-7.900390625,51
644,0.8403320312499999,0.72900390625,-13.6337890625,-7.650390625,63
645,1.79033203125,0.97900390625,-12.1337890625,-6.650390625,109
646,1.31533203125,0.60400390625,-12.8837890625,-7.150390625,86
647,0.36533203125,0.85400390625,-11.3837890625,-6.150390625,40
648,0.4840820312499999,0.63525390625,-13.0712890625,-6.525390625,45
649,1.43408203125,0.88525390625,-11.5712890625,-7.525390625,92
650,1.90908203125,0.51025390625,-13.8212890625,-6.025390625,115
651,0.95908203125,0.76025390625,-12.3212890625,-7.025390625,69
652,0.72158203125,0.57275390625,-11.1962890625,-7.275390625,57
653,1.67158203125,0.82275390625,-12.6962890625,-6.275390625,103
654,1.19658203125,0.69775390625,-11.9462890625,-7.775390625,80
655,0.24658203125,0.94775390625,-13.4462890625,-6.775390625,34
656,0.3059570312499999,0.71337890625,-11.6650390625,-7.212890625,37
657,1.25595703125,0.96337890625,-13.1650390625,-6.212890625,83
658,1.73095703125,0.58837890625,-12.4150390625,-7.712890625,106
659,0.7809570312499999,0.83837890625,-13.9150390625,-6.712890625,60
660,1.01845703125,0.52587890625,-12.7900390625,-6.962890625,72
661,1.96845703125,0.77587890625,-11.2900390625,-7.962890625,118
662,1.49345703125,0.65087890625,-13.5400390625,-6.462890625,95
663,0.54345703125,0.90087890625,-12.0400390625,-7.462890625,48
664,0.42470703125,0.61962890625,-13.3525390625,-7.837890625,43
665,1.37470703125,0.86962890625,-11.8525390625,-6.837890625,89
666,1.84970703125,0.74462890625,-12.6025390625,-7.337890625,112
667,0.89970703125,0.99462890625,-11.1025390625,-6.337890625,66
668,0.6622070312499999,0.68212890625,-12.2275390625,-6.087890625,54
669,1.61220703125,0.93212890625,-13.7275390625,-7.087890625,101
670,1.13720703125,0.55712890625,-11.4775390625,-6.587890625,77
671,0.18720703125,0.80712890625,-12.9775390625,-7.587890625,31
672,0.21689453125,0.65869140625,-13.8681640625,-7.494140625,32
673,1.16689453125,0.90869140625,-12.3681640625,-6.494140625,79
674,1.64189453125,0.53369140625,-13.1181640625,-7.994140625,102
675,0.69189453125,0.78369140625,-11.6181640625,-6.994140625,56
676,0.92939453125,0.59619140625,-11.9931640625,-6.744140625,67
677,1.87939453125,0.84619140625,-13.4931640625,-7.744140625,114
678,1.40439453125,0.72119140625,-11.2431640625,-6.244140625,90
679,0.4543945312499999,0.97119140625,-12.7431640625,-7.244140625,44
680,0.57314453125,0.50244140625,-11.0556640625,-7.619140625,50
681,1.52314453125,0.75244140625,-12.5556640625,-6.619140625,96
682,1.99814453125,0.62744140625,-11.8056640625,-7.119140625,119
683,1.04814453125,0.87744140625,-13.3056640625,-6.119140625,73
684,0.8106445312499999,0.68994140625,-12.9306640625,-6.369140625,61
685,1.76064453125,0.93994140625,-11.4306640625,-7.369140625,108
686,1.28564453125,0.56494140625,-13.6806640625,-6.869140625,85
687,0.33564453125,0.81494140625,-12.1806640625,-7.869140625,38
688,0.27626953125,0.58056640625,-12.6494140625,-6.181640625,35
689,1.22626953125,0.83056640625,-11.1494140625,-7.181640625,82
690,1.70126953125,0.70556640625,-13.3994140625,-6.681640625,105
691,0.75126953125,0.95556640625,-11.8994140625,-7.681640625,59
692,0.98876953125,0.64306640625,-11.5244140625,-7.931640625,70
693,1.93876953125,0.89306640625,-13.0244140625,-6.931640625,117
694,1.46376953125,0.51806640625,-12.2744140625,-7.431640625,93
695,0.51376953125,0.76806640625,-13.7744140625,-6.431640625,47
696,0.39501953125,0.73681640625,-12.4619140625,-6.806640625,41
697,1.34501953125,0.98681640625,-13.9619140625,-7.806640625,88
698,1.82001953125,0.61181640625,-11.7119140625,-6.306640625,111
699,0.87001953125,0.86181640625,-13.2119140625,-7.306640625,64
700,0.6325195312499999,0.54931640625,-13.5869140625,-7.056640625,53
701,1.58251953125,0.79931640625,-12.0869140625,-6.056640625,99
702,1.10751953125,0.67431640625,-12.8369140625,-7.556640625,76
703,0.15751953125,0.92431640625,-11.3369140625,-6.556640625,29
704,0.14267578125,0.72509765625,-12.7197265625,-7.791015625,29
705,1.09267578125,0.97509765625,-11.2197265625,-6.791015625,75
706,1.56767578125,0.60009765625,-13.4697265625,-7.291015625,98
707,0.61767578125,0.85009765625,-11.9697265625,-6.291015625,52
708,0.8551757812499999,0.53759765625,-11.5947265625,-6.041015625,64
709,1.80517578125,0.78759765625,-13.0947265625,-7.041015625,110
710,1.33017578125,0.66259765625,-12.3447265625,-6.541015625,87
711,0.3801757812499999,0.91259765625,-13.8447265625,-7.541015625,40
712,0.49892578125,0.56884765625,-12.1572265625,-7.166015625,46
713,1.44892578125,0.81884765625,-13.6572265625,-6.166015625,93
714,1.92392578125,0.69384765625,-11.4072265625,-7.666015625,116
715,0.97392578125,0.94384765625,-12.9072265625,-6.666015625,69
716,0.7364257812499999,0.63134765625,-13.2822265625,-6.916015625,58
717,1.68642578125,0.88134765625,-11.7822265625,-7.916015625,104
718,1.21142578125,0.50634765625,-12.5322265625,-6.416015625,81
719,0.26142578125,0.75634765625,-11.0322265625,-7.416015625,35
720,0.32080078125,0.52197265625,-13.7509765625,-6.603515625,37
721,1.27080078125,0.77197265625,-12.2509765625,-7.603515625,84
722,1.74580078125,0.64697265625,-13.0009765625,-6.103515625,107
723,0.79580078125,0.89697265625,-11.5009765625,-7.103515625,61
724,1.03330078125,0.70947265625,-11.8759765625,-7.353515625,72
725,1.98330078125,0.95947265625,-13.3759765625,-6.353515625,119
726,1.50830078125,0.58447265625,-11.1259765625,-7.853515625,96
727,0.5583007812499999,0.83447265625,-12.6259765625,-6.853515625,49
728,0.43955078125,0.67822265625,-11.3134765625,-6.478515625,43
729,1.38955078125,0.92822265625,-12.8134765625,-7.478515625,90
730,1.86455078125,0.55322265625,-12.0634765625,-6.978515625,113
731,0.91455078125,0.80322265625,-13.5634765625,-7.978515625,66
732,0.67705078125,0.61572265625,-13.1884765625,-7.728515625,55
733,1.62705078125,0.86572265625,-11.6884765625,-6.728515625,101
734,1.15205078125,0.74072265625,-13.9384765625,-7.228515625,78
735,0.20205078125,0.99072265625,-12.4384765625,-6.228515625,32
736,0.17236328125,0.60791015625,-11.4541015625,-6.822265625,30
737,1.12236328125,0.85791015625,-12.9541015625,-7.822265625,77
738,1.59736328125,0.73291015625,-12.2041015625,-6.322265625,100
739,0.64736328125,0.98291015625,-13.7041015625,-7.322265625,53
740,0.8848632812499999,0.67041015625,-12.5791015625,-7.072265625,65
741,1.83486328125,0.92041015625,-11.0791015625,-6.072265625,111
742,1.35986328125,0.54541015625,-13.3291015625,-7.572265625,88
743,0.40986328125,0.79541015625,-11.8291015625,-6.572265625,42
744,0.52861328125,0.70166015625,-13.5166015625,-6.197265625,48
745,1.47861328125,0.95166015625,-12.0166015625,-7.197265625,94
746,1.95361328125,0.57666015625,-12.7666015625,-6.697265625,117
747,1.00361328125,0.82666015625,-11.2666015625,-7.697265625,71
748,0.76611328125,0.51416015625,-12.3916015625,-7.947265625,59
749,1.71611328125,0.76416015625,-13.8916015625,-6.947265625,106
750,1.24111328125,0.63916015625,-11.6416015625,-7.447265625,82
751,0.29111328125,0.88916015625,-13.1416015625,-6.447265625,36
752,0.23173828125,0.65478515625,-12.1103515625,-7.509765625,33
753,1.18173828125,0.90478515625,-13.6103515625,-6.509765625,80
754,1.65673828125,0.52978515625,-11.3603515625,-7.009765625,103
755,0.7067382812499999,0.77978515625,-12.8603515625,-6.009765625,56
756,0.94423828125,0.59228515625,-13.9853515625,-6.259765625,68
757,1.89423828125,0.84228515625,-12.4853515625,-7.259765625,114
758,1.41923828125,0.71728515625,-13.2353515625,-6.759765625,91
759,0.46923828125,0.96728515625,-11.7353515625,-7.759765625,45
760,0.35048828125,0.56103515625,-13.0478515625,-7.384765625,39
761,1.30048828125,0.81103515625,-11.5478515625,-6.384765625,85
762,1.77548828125,0.68603515625,-13.7978515625,-7.884765625,109
763,0.82548828125,0.93603515625,-12.2978515625,-6.884765625,62
764,0.58798828125,0.74853515625,-11.1728515625,-6.634765625,51
765,1.53798828125,0.99853515625,-12.6728515625,-7.634765625,97
766,1.06298828125,0.62353515625,-11.9228515625,-6.134765625,74
767,0.11298828125,0.87353515625,-13.4228515625,-7.134765625,27
768,0.10927734375,0.62451171875,-12.9482421875,-6.576171875,27
769,1.05927734375,0.87451171875,-11.4482421875,-7.576171875,74
770,1.53427734375,0.74951171875,-13.6982421875,-6.076171875,97
771,0.58427734375,0.99951171875,-12.1982421875,-7.076171875,50
772,0.8217773437499999,0.68701171875,-11.0732421875,-7.326171875,62
773,1.77177734375,0.93701171875,-12.5732421875,-6.326171875,108
774,1.29677734375,0.56201171875,-11.8232421875,-7.826171875,85
775,0.34677734375,0.81201171875,-13.3232421875,-6.826171875,39
776,0.4655273437499999,0.71826171875,-12.0107421875,-6.451171875,45
777,1.41552734375,0.96826171875,-13.5107421875,-7.451171875,91
778,1.89052734375,0.59326171875,-11.2607421875,-6.951171875,114
779,0.94052734375,0.84326171875,-12.7607421875,-7.951171875,68
780,0.70302734375,0.53076171875,-13.8857421875,-7.701171875,56
781,1.65302734375,0.78076171875,-12.3857421875,-6.701171875,103
782,1.17802734375,0.65576171875,-13.1357421875,-7.201171875,79
783,0.22802734375,0.90576171875,-11.6357421875,-6.201171875,33
784,0.2874023437499999,0.64013671875,-13.6044921875,-7.763671875,36
785,1.23740234375,0.89013671875,-12.1044921875,-6.763671875,82
786,1.71240234375,0.51513671875,-12.8544921875,-7.263671875,105
787,0.7624023437499999,0.76513671875,-11.3544921875,-6.263671875,59
788,0.99990234375,0.57763671875,-12.4794921875,-6.013671875,71
789,1.94990234375,0.82763671875,-13.9794921875,-7.013671875,117
790,1.47490234375,0.70263671875,-11.7294921875,-6.513671875,94
791,0.52490234375,0.95263671875,-13.2294921875,-7.513671875,47
792,0.40615234375,0.54638671875,-11.5419921875,-7.138671875,42
793,1.35615234375,0.79638671875,-13.0419921875,-6.138671875,88
794,1.83115234375,0.67138671875,-12.2919921875,-7.638671875,111
795,0.88115234375,0.92138671875,-13.7919921875,-6.638671875,65
796,0.6436523437499999,0.73388671875,-12.6669921875,-6.888671875,53
797,1.59365234375,0.98388671875,-11.1669921875,-7.888671875,100
798,1.11865234375,0.60888671875,-13.4169921875,-6.388671875,76
799,0.16865234375,0.85888671875,-11.9169921875,-7.388671875,30
800,0.19833984375,0.74169921875,-11.2138671875,-7.544921875,31
801,1.14833984375,0.99169921875,-12.7138671875,-6.544921875,78
802,1.62333984375,0.61669921875,-11.9638671875,-7.044921875,101
803,0.67333984375,0.86669921875,-13.4638671875,-6.044921875,55
804,0.91083984375,0.55419921875,-13.0888671875,-6.294921875,66
805,1.86083984375,0.80419921875,-11.5888671875,-7.294921875,113
806,1.38583984375,0.67919921875,-13.8388671875,-6.794921875,90
807,0.4358398437499999,0.92919921875,-12.3388671875,-7.794921875,43
808,0.55458984375,0.58544921875,-13.6513671875,-7.419921875,49
809,1.50458984375,0.83544921875,-12.1513671875,-6.419921875,95
810,1.97958984375,0.71044921875,-12.9013671875,-7.919921875,119
811,1.02958984375,0.96044921875,-11.4013671875,-6.919921875,72
812,0.7920898437499999,0.64794921875,-11.7763671875,-6.669921875,61
813,1.74208984375,0.89794921875,-13.2763671875,-7.669921875,107
814,1.26708984375,0.52294921875,-11.0263671875,-6.169921875,84
815,0.31708984375,0.77294921875,-12.5263671875,-7.169921875,37
816,0.25771484375,0.50732421875,-12.2451171875,-6.857421875,34
817,1.20771484375,0.75732421875,-13.7451171875,-7.857421875,81
818,1.68271484375,0.63232421875,-11.4951171875,-6.357421875,104
819,0.73271484375,0.88232421875,-12.9951171875,-7.357421875,58
820,0.97021484375,0.69482421875,-13.3701171875,-7.107421875,69
821,1.92021484375,0.94482421875,-11.8701171875,-6.107421875,116
822,1.44521484375,0.56982421875,-12.6201171875,-7.607421875,92
823,0.49521484375,0.81982421875,-11.1201171875,-6.607421875,46
824,0.37646484375,0.66357421875,-12.8076171875,-6.232421875,40
825,1.32646484375,0.91357421875,-11.3076171875,-7.232421875,87
826,1.80146484375,0.53857421875,-13.5576171875,-6.732421875,110
827,0.85146484375,0.78857421875,-12.0576171875,-7.732421875,63
828,0.6139648437499999,0.60107421875,-11.6826171875,-7.982421875,52
829,1.56396484375,0.85107421875,-13.1826171875,-6.982421875,98
830,1.08896484375,0.72607421875,-12.4326171875,-7.482421875,75
831,0.13896484375,0.97607421875,-13.9326171875,-6.482421875,29
832,0.15380859375,0.67529296875,-12.3623046875,-7.248046875,29
833,1.10380859375,0.92529296875,-13.8623046875,-6.248046875,76
834,1.57880859375,0.55029296875,-11.6123046875,-7.748046875,99
835,0.62880859375,0.80029296875,-13.1123046875,-6.748046875,53
836,0.8663085937499999,0.61279296875,-13.4873046875,-6.998046875,64
837,1.81630859375,0.86279296875,-11.9873046875,-7.998046875,111
838,1.34130859375,0.73779296875,-12.7373046875,-6.498046875,87
839,0.39130859375,0.98779296875,-11.2373046875,-7.498046875,41
840,0.51005859375,0.51904296875,-12.5498046875,-7.873046875,47
841,1.46005859375,0.76904296875,-11.0498046875,-6.873046875,93
842,1.93505859375,0.64404296875,-13.2998046875,-7.373046875,116
843,0.98505859375,0.89404296875,-11.7998046875,-6.373046875,70
844,0.74755859375,0.70654296875,-11.4248046875,-6.123046875,58
845,1.69755859375,0.95654296875,-12.9248046875,-7.123046875,105
846,1.22255859375,0.58154296875,-12.1748046875,-6.623046875,82
847,0.27255859375,0.83154296875,-13.6748046875,-7.623046875,35
848,0.33193359375,0.56591796875,-11.1435546875,-6.435546875,38
849,1.28193359375,0.81591796875,-12.6435546875,-7.435546875,84
850,1.75693359375,0.69091796875,-11.8935546875,-6.935546875,108
851,0.80693359375,0.94091796875,-13.3935546875,-7.935546875,61
852,1.04443359375,0.62841796875,-13.0185546875,-7.685546875,73
853,1.99443359375,0.87841796875,-11.5185546875,-6.685546875,119
854,1.51943359375,0.50341796875,-13.7685546875,-7.185546875,96
855,0.56943359375,0.75341796875,-12.2685546875,-6.185546875,50
856,0.45068359375,0.72216796875,-13.9560546875,-6.560546875,44
857,1.40068359375,0.97216796875,-12.4560546875,-7.560546875,90
858,1.87568359375,0.59716796875,-13.2060546875,-6.060546875,113
859,0.92568359375,0.84716796875,-11.7060546875,-7.060546875,67
860,0.6881835937499999,0.53466796875,-12.0810546875,-7.310546875,55
861,1.63818359375,0.78466796875,-13.5810546875,-6.310546875,102
862,1.16318359375,0.65966796875,-11.3310546875,-7.810546875,79
863,0.21318359375,0.90966796875,-12.8310546875,-6.810546875,32
864,0.18349609375,0.55810546875,-13.2529296875,-6.154296875,31
865,1.13349609375,0.80810546875,-11.7529296875,-7.154296875,77
866,1.60849609375,0.68310546875,-12.5029296875,-6.654296875,100
867,0.65849609375,0.93310546875,-11.0029296875,-7.654296875,54
868,0.8959960937499999,0.74560546875,-12.1279296875,-7.904296875,66
869,1.84599609375,0.99560546875,-13.6279296875,-6.904296875,112
870,1.37099609375,0.62060546875,-11.3779296875,-7.404296875,89
871,0.42099609375,0.87060546875,-12.8779296875,-6.404296875,42
872,0.5397460937499999,0.65185546875,-11.5654296875,-6.779296875,48
873,1.48974609375,0.90185546875,-13.0654296875,-7.779296875,95
874,1.96474609375,0.52685546875,-12.3154296875,-6.279296875,118
875,1.01474609375,0.77685546875,-13.8154296875,-7.279296875,71
876,0.77724609375,0.58935546875,-12.6904296875,-7.029296875,60
877,1.72724609375,0.83935546875,-11.1904296875,-6.029296875,106
878,1.25224609375,0.71435546875,-13.4404296875,-7.529296875,83
879,0.30224609375,0.96435546875,-11.9404296875,-6.529296875,37
880,0.24287109375,0.69873046875,-13.1591796875,-7.466796875,34
881,1.19287109375,0.94873046875,-11.6591796875,-6.466796875,80
882,1.66787109375,0.57373046875,-13.9091796875,-7.966796875,103
883,0.7178710937499999,0.82373046875,-12.4091796875,-6.966796875,57
884,0.95537109375,0.51123046875,-11.2841796875,-6.716796875,68
885,1.90537109375,0.76123046875,-12.7841796875,-7.716796875,115
886,1.43037109375,0.63623046875,-12.0341796875,-6.216796875,92
887,0.48037109375,0.88623046875,-13.5341796875,-7.216796875,45
888,0.3616210937499999,0.60498046875,-11.8466796875,-7.591796875,39
889,1.31162109375,0.85498046875,-13.3466796875,-6.591796875,86
890,1.78662109375,0.72998046875,-11.0966796875,-7.091796875,109
891,0.8366210937499999,0.97998046875,-12.5966796875,-6.091796875,63
892,0.59912109375,0.66748046875,-13.7216796875,-6.341796875,51
893,1.54912109375,0.91748046875,-12.2216796875,-7.341796875,97
894,1.07412109375,0.54248046875,-12.9716796875,-6.841796875,74
895,0.12412109375,0.79248046875,-11.4716796875,-7.841796875,28
896,0.11669921875,0.70849609375,-13.7802734375,-6.943359375,28
897,1.06669921875,0.95849609375,-12.2802734375,-7.943359375,74
898,1.54169921875,0.58349609375,-13.0302734375,-6.443359375,97
899,0.59169921875,0.83349609375,-11.5302734375,-7.443359375,51
900,0.8291992187499999,0.52099609375,-11.9052734375,-7.193359375,62
901,1.77919921875,0.77099609375,-13.4052734375,-6.193359375,109
902,1.30419921875,0.64599609375,-11.1552734375,-7.693359375,86
903,0.35419921875,0.89599609375,-12.6552734375,-6.693359375,39
904,0.4729492187499999,0.61474609375,-11.3427734375,-6.068359375,45
905,1.42294921875,0.86474609375,-12.8427734375,-7.068359375,91
906,1.89794921875,0.73974609375,-12.0927734375,-6.568359375,115
907,0.94794921875,0.98974609375,-13.5927734375,-7.568359375,68
908,0.71044921875,0.67724609375,-13.2177734375,-7.818359375,57
909,1.66044921875,0.92724609375,-11.7177734375,-6.818359375,103
910,1.18544921875,0.55224609375,-13.9677734375,-7.318359375,80
911,0.23544921875,0.80224609375,-12.4677734375,-6.318359375,33
912,0.29482421875,0.53662109375,-12.7490234375,-7.630859375,36
913,1.24482421875,0.78662109375,-11.2490234375,-6.630859375,83
914,1.71982421875,0.66162109375,-13.4990234375,-7.130859375,106
915,0.76982421875,0.91162109375,-11.9990234375,-6.130859375,59
916,1.00732421875,0.72412109375,-11.6240234375,-6.380859375,71
917,1.95732421875,0.97412109375,-13.1240234375,-7.380859375,117
918,1.48232421875,0.59912109375,-12.3740234375,-6.880859375,94
919,0.53232421875,0.84912109375,-13.8740234375,-7.880859375,48
920,0.41357421875,0.63037109375,-12.1865234375,-7.255859375,42
921,1.36357421875,0.88037109375,-13.6865234375,-6.255859375,88
922,1.83857421875,0.50537109375,-11.4365234375,-7.755859375,112
923,0.88857421875,0.75537109375,-12.9365234375,-6.755859375,65
924,0.6510742187499999,0.56787109375,-13.3115234375,-6.505859375,54
925,1.60107421875,0.81787109375,-11.8115234375,-7.505859375,100
926,1.12607421875,0.69287109375,-12.5615234375,-6.005859375,77
927,0.17607421875,0.94287109375,-11.0615234375,-7.005859375,30
928,0.20576171875,0.59130859375,-12.0458984375,-7.912109375,32
929,1.15576171875,0.84130859375,-13.5458984375,-6.912109375,78
930,1.63076171875,0.71630859375,-11.2958984375,-7.412109375,101
931,0.6807617187499999,0.96630859375,-12.7958984375,-6.412109375,55
932,0.91826171875,0.65380859375,-13.9208984375,-6.162109375,67
933,1.86826171875,0.90380859375,-12.4208984375,-7.162109375,113
934,1.39326171875,0.52880859375,-13.1708984375,-6.662109375,90
935,0.44326171875,0.77880859375,-11.6708984375,-7.662109375,43
936,0.56201171875,0.74755859375,-12.9833984375,-7.037109375,49
937,1.51201171875,0.99755859375,-11.4833984375,-6.037109375,96
938,1.98701171875,0.62255859375,-13.7333984375,-7.537109375,119
939,1.03701171875,0.87255859375,-12.2333984375,-6.537109375,72
940,0.7995117187499999,0.56005859375,-11.1083984375,-6.787109375,61
941,1.74951171875,0.81005859375,-12.6083984375,-7.787109375,107
942,1.27451171875,0.68505859375,-11.8583984375,-6.287109375,84
943,0.3245117187499999,0.93505859375,-13.3583984375,-7.287109375,38
944,0.26513671875,0.66943359375,-11.3896484375,-6.724609375,35
945,1.21513671875,0.91943359375,-12.8896484375,-7.724609375,81
946,1.69013671875,0.54443359375,-12.1396484375,-6.224609375,104
947,0.74013671875,0.79443359375,-13.6396484375,-7.224609375,58
948,0.97763671875,0.60693359375,-12.5146484375,-7.474609375,70
949,1.92763671875,0.85693359375,-11.0146484375,-6.474609375,116
950,1.45263671875,0.73193359375,-13.2646484375,-7.974609375,93
951,0.5026367187499999,0.98193359375,-11.7646484375,-6.974609375,46
952,0.38388671875,0.51318359375,-13.4521484375,-6.349609375,41
953,1.33388671875,0.76318359375,-11.9521484375,-7.349609375,87
954,1.80888671875,0.63818359375,-12.7021484375,-6.849609375,110
955,0.8588867187499999,0.88818359375,-11.2021484375,-7.849609375,64
956,0.62138671875,0.70068359375,-12.3271484375,-7.599609375,52
957,1.57138671875,0.95068359375,-13.8271484375,-6.599609375,99
958,1.09638671875,0.57568359375,-11.5771484375,-7.099609375,75
959,0.14638671875,0.82568359375,-13.0771484375,-6.099609375,29
960,0.13154296875,0.52490234375,-11.7412109375,-7.365234375,28
961,1.08154296875,0.77490234375,-13.2412109375,-6.365234375,75
962,1.55654296875,0.64990234375,-12.4912109375,-7.865234375,98
963,0.6065429687499999,0.89990234375,-13.9912109375,-6.865234375,51
964,0.84404296875,0.71240234375,-12.8662109375,-6.615234375,63
965,1.79404296875,0.96240234375,-11.3662109375,-7.615234375,109
966,1.31904296875,0.58740234375,-13.6162109375,-6.115234375,86
967,0.36904296875,0.83740234375,-12.1162109375,-7.115234375,40
968,0.48779296875,0.68115234375,-13.4287109375,-7.740234375,46
969,1.43779296875,0.93115234375,-11.9287109375,-6.740234375,92
970,1.91279296875,0.55615234375,-12.6787109375,-7.240234375,115
971,0.96279296875,0.80615234375,-11.1787109375,-6.240234375,69
972,0.7252929687499999,0.61865234375,-12.3037109375,-6.490234375,57
973,1.67529296875,0.86865234375,-13.8037109375,-7.490234375,104
974,1.20029296875,0.74365234375,-11.5537109375,-6.990234375,80
975,0.25029296875,0.99365234375,-13.0537109375,-7.990234375,34
976,0.30966796875,0.72802734375,-11.8349609375,-6.052734375,37
977,1.25966796875,0.97802734375,-13.3349609375,-7.052734375,83
978,1.73466796875,0.60302734375,-11.0849609375,-6.552734375,107
979,0.78466796875,0.85302734375,-12.5849609375,-7.552734375,60
980,1.02216796875,0.54052734375,-13.7099609375,-7.802734375,72
981,1.97216796875,0.79052734375,-12.2099609375,-6.802734375,118
982,1.49716796875,0.66552734375,-12.9599609375,-7.302734375,95
983,0.54716796875,0.91552734375,-11.4599609375,-6.302734375,49
984,0.42841796875,0.57177734375,-13.1474609375,-6.927734375,43
985,1.37841796875,0.82177734375,-11.6474609375,-7.927734375,89
986,1.85341796875,0.69677734375,-13.8974609375,-6.427734375,112
987,0.90341796875,0.94677734375,-12.3974609375,-7.427734375,66
988,0.66591796875,0.63427734375,-11.2724609375,-7.177734375,54
989,1.61591796875,0.88427734375,-12.7724609375,-6.177734375,101
990,1.14091796875,0.50927734375,-12.0224609375,-7.677734375,78
991,0.19091796875,0.75927734375,-13.5224609375,-6.677734375,31
992,0.16123046875,0.64208984375,-12.6318359375,-6.271484375,30
993,1.11123046875,0.89208984375,-11.1318359375,-7.271484375,76
994,1.58623046875,0.51708984375,-13.3818359375,-6.771484375,99
995,0.63623046875,0.76708984375,-11.8818359375,-7.771484375,53
996,0.8737304687499999,0.57958984375,-11.5068359375,-7.521484375,64
997,1.82373046875,0.82958984375,-13.0068359375,-6.521484375,111
998,1.34873046875,0.70458984375,-12.2568359375,-7.021484375,88
999,0.3987304687499999,0.95458984375,-13.7568359375,-6.021484375,41
1000,0.51748046875,0.54833984375,-12.4443359375,-6.646484375,47
1001,1.46748046875,0.79833984375,-13.9443359375,-7.646484375,94
1002,1.94248046875,0.67333984375,-11.6943359375,-6.146484375,117
1003,0.99248046875,0.92333984375,-13.1943359375,-7.146484375,70
1004,0.7549804687499999,0.73583984375,-13.5693359375,-7.396484375,59
1005,1.70498046875,0.98583984375,-12.0693359375,-6.396484375,105
1006,1.22998046875,0.61083984375,-12.8193359375,-7.896484375,82
1007,0.27998046875,0.86083984375,-11.3193359375,-6.896484375,35
1008,0.22060546875,0.59521484375,-13.8505859375,-7.083984375,33
1009,1.17060546875,0.84521484375,-12.3505859375,-6.083984375,79
1010,1.64560546875,0.72021484375,-13.1005859375,-7.583984375,102
1011,0.69560546875,0.97021484375,-11.6005859375,-6.583984375,56
1012,0.93310546875,0.65771484375,-11.9755859375,-6.833984375,67
1013,1.88310546875,0.90771484375,-13.4755859375,-7.833984375,114
1014,1.40810546875,0.53271484375,-11.2255859375,-6.333984375,91
1015,0.45810546875,0.78271484375,-12.7255859375,-7.333984375,44
1016,0.33935546875,0.68896484375,-11.0380859375,-7.958984375,38
1017,1.28935546875,0.93896484375,-12.5380859375,-6.958984375,85
1018,1.76435546875,0.56396484375,-11.7880859375,-7.458984375,108
1019,0.81435546875,0.81396484375,-13.2880859375,-6.458984375,62
1020,0.5768554687499999,0.50146484375,-12.9130859375,-6.208984375,50
1021,1.52685546875,0.75146484375,-11.4130859375,-7.208984375,96
1022,1.05185546875,0.62646484375,-13.6630859375,-6.708984375,73
1023,0.10185546875,0.87646484375,-12.1630859375,-7.708984375,27
